{
    "user": "Y-Less",
    "repo": "sscanf",
    "contributors": [
		"Cheaterman",
		"DEntisT",
		"Emmet_",
		"karimcambridge",
		"leHeix",
		"maddinat0r",
		"Southclaws",
		"Y_Less",
		"ziggi"
	],
    "resources": [
        {
            "name": "^sscanf-(.+)-linux.tar.gz$",
            "platform": "linux",
            "archive": true,
            "includes": ["pawno/include"],
            "plugins": ["plugins/sscanf.so"]
        },
        {
            "name": "^sscanf-(.*)-win32.zip$",
            "platform": "windows",
            "archive": true,
            "includes": ["pawno/include"],
            "plugins": ["plugins/sscanf.dll"]
        }
    ],
    "runtime": {
        "plugins": ["Y-Less/sscanf"]
    }
}
